Evidence ID,Evidence category,Original filenames,Standardized filenames,SHA-256 hash,Hash status,Verification status,Original preserved,Collection date,Source,Related market event,Confidentiality,Related evidence IDs,Notes
EV-05,Resolution,Screenshot_20260618_064636_Discord.jpg,EV-015_resolution_proposal_alert_june15_yes_proposer_0x3e8379.png,5d15d55eba774d7dd03dfdf82027ecbb88e186dbe05fee71e96d639a9c5cd224,Exact SHA-256,Verified,True,2026-06-18,"Polymarket, Whale Alert Bot",Proposal,Public,EV-021,
EV-07,Resolution,Screenshot_20260618_070233_Discord.jpg,EV-017_resolution_proposal_alert_july31_yes_proposer_0x3e8379.png,67aef225932385b6612c3b17fa96d065433c9b0bd15eb5a5e76fbea0931a036a,Exact SHA-256,Verified,True,2026-06-18,"Polymarket, Whale Alert Bot",Proposal,Public,EV-016; EV-018; EV-019,
EV-09,Resolution,Screenshot_20260618_070246_Discord.jpg,EV-019_resolution_proposal_alert_july31_yes_proposer_0x3e8379_second_capture.png,de1806b098a81b6f0a252c850f5f815bc54c70a2ae967775c76ec89959aab898,Exact SHA-256,Verified,True,2026-06-18,"Polymarket, Whale Alert Bot",Proposal,Public,EV-016; EV-017; EV-018,
EV-010,Resolution,Screenshot_20260618_070256_Discord.jpg,EV-020_resolution_proposal_alert_june30_yes_proposer_0x3e8379.png,a954f79cc5b1e62d07b432880bab40e3e6dcdca9f9724210e992076be62cae44,Exact SHA-256,Verified,True,2026-06-18,"Polymarket, Whale Alert Bot",Proposal,Public,EV-015; EV-016; EV-017; EV-018; EV-019,
EV-011,Resolution,Screenshot_20260618_070304_Discord.jpg,EV-021_resolution_proposal_alert_june15_yes_proposer_0x086cd2.png,57af016c311c2450d614babfb63338c763bd9c594a163a13e90b2619a16f597d,Exact SHA-256,Verified,True,2026-06-18,"Polymarket, Whale Alert Bot",Proposal,Public,EV-015,
EV-012,Resolution,Screenshot_20260618_070311_Discord.jpg,EV-022_resolution_proposal_alert_august31_yes_proposer_0x3e8379.png,1a30819cfb1b9b8bc8cb08f82d16b7960737fb9ebabbf0008a3b8d0e8677d59c,Exact SHA-256,Verified,True,2026-06-18,"Polymarket, Whale Alert Bot",Proposal,Public,EV-015; EV-020; EV-029; EV-030,
EV-014,Resolution,Screenshot_20260618_070317_Discord.jpg,EV-024_resolution_proposal_alert_october31_yes_proposer_0x3e8379.png,06a81a58869f848c779797e8ed965bf5c0092cc646320acd539ec9185dac58b9,Exact SHA-256,Verified,True,2026-06-18,"Polymarket, Whale Alert Bot",Proposal,Public,EV-023; EV-025; EV-026,
EV-016,Resolution,Screenshot_20260618_070325_Discord.jpg,EV-026_resolution_proposal_alert_october31_yes_proposer_0xd9aa1a.png,6486fd2a260cbe15ce48be3a570621bf7821fe0f04a211b550aa311ff41ef197,Exact SHA-256,Verified,True,2026-06-18,"Polymarket, Whale Alert Bot",Proposal,Public,EV-023; EV-024; EV-025,
EV-018,Resolution,Screenshot_20260618_070331_Discord.jpg,EV-028_resolution_proposal_alert_august31_yes_proposer_0x8e0e95.png,1409341148162a425c73966854e9fe00055e274d9ebf6b846dcbe7878d45114d,Exact SHA-256,Verified,True,2026-06-18,"Polymarket, Whale Alert Bot",Proposal,Public,EV-022; EV-027; EV-029; EV-030,
EV-020,Resolution,Screenshot_20260618_070338_Discord.jpg,EV-030_resolution_proposal_alert_december31_yes_proposer_0x8e0e95.png,9ac8ef44a69a6bdffb15f16c12f5693d6c184bbccb9ba8ead338567cd31c06d7,Exact SHA-256,Verified,True,2026-06-18,"Polymarket, Whale Alert Bot",Proposal,Public,EV-027; EV-028; EV-029,
EV-022,Resolution,Screenshot_20260618_070344_Discord.jpg,EV-032_resolution_proposal_and_dispute_alert_june30_august31.png,8e07fef6ed061c966c45935736c6b69236158525bef89c2c342b38ae1d5d7978,Exact SHA-256,Verified,True,2026-06-18,"Polymarket, Whale Alert Bot","Dispute, Proposal",Public,EV-020; EV-031,
EV-023,Communication,UMA autopilot ad - 2.png,EV-033_communication_uma_autopilot_whale_power_statement.png,997f1b5ea288f6f06dc10a489d0e9c50a73784d7bdb6bb7c398a65df3ea2866b,Exact SHA-256,Partially Verified,True,2026-06-18,"UMA, UMA.rocks","Dispute, Resolution",Public,EV-012; EV-013; EV-014,
EV-024,Communication,UMA dispute arguements.png,EV-034_communication_polymarket_ai_summary_no_yes_arguments.png,39886db7e1963a5b73e2bde5019c9e8ad99cca2b475e09b5769ba9e0526a8daf,Exact SHA-256,Partially Verified,True,2026-06-19,UMA,"Resolution, Dispute",Public,EV-001; EV-002; EV-012,
UMA-001,"Resolution, Wallets",UMA_Iran_VoteRecord_FULL.xlsx,UMA-001_UMA_Iran_VoteRecord_FULL_original.xlsx,5b002cae59563feecd7bf2ef95092a822b39384d0c0afe6afb730a3528610c1b,Exact SHA-256,Partially Verified,True,2026-06-19,UMA,"Payout, Dispute, Resolution",Attorney review,UMA-002; UMA-003; UMA-004; UMA-005; MARKET-004,
UMA-002,"Wallets, Blockchain",uma_yesorno_raw_logs_cache.json,UMA-002_raw_UMA_VoteRevealed_YES_OR_NO_QUERY_cache.json,9C554F7309CC1275668DFA7B5272EDDFF970EE6F7ED09D555B836099A876D21E ,Exact SHA-256,Verified,True,2026-06-20,Ethereum mainnet RPC / UMA VotingV2 contract,"Dispute, Resolution",Attorney review,UMA-001; UMA-003; UMA-004; UMA-005,
UMA-003,Blockchain,round10310_ancillary_hash_discovery.csv,UMA-003_round10310_ancillary_hash_discovery.csv,204DC8AD1F7C66093F2F4BE84E283BBADD6014BB2DB33C2FFAD13E6BD1B1EEB5 ,Exact SHA-256,Verified,True,2026-06-20,Derived from UMA-002 raw Ethereum logs,"Dispute, Resolution",Attorney review,UMA-002; UMA-004; UMA-005; MARKET-004,
TRADE-001,"Blockchain, Trades",03_all_related_market_yes_buyers.csv,TRADE-001_all_related_market_yes_buyers.csv,f26e280f47ccc3de43c9612c2db70e7b08a8f59533a82c4220429a8de3d609a1,Exact SHA-256,Derived analysis,True,2026-06-20,Polymarket trade/activity data export and local normalization,Purchase,Attorney review,TRADE-002; TRADE-003; CHAIN-001; LINK-006,
TRADE-002,"Blockchain, Trades",04_cross_market_wallet_summary.csv,TRADE-002_cross_market_yes_buyer_wallet_summary.csv,8b472b85b042717c639e071b34879d6a2dd52ae104ea5e4d5cde3bfc65e7772e,Exact SHA-256,Derived analysis,True,2026-06-20,Derived from TRADE-001,Purchase,Attorney review,TRADE-001; TRADE-003; LINK-006,
TRADE-003,"Blockchain, Trades",05_cross_market_yes_buyers_vs_uma.csv,TRADE-003_cross_market_yes_buyers_vs_uma_direct_match_screen.csv,c18d678e909f6b8525cf76df98d9ce3d9edc2bd8086a67a0b5dc98d389c27ee9,Exact SHA-256,Derived analysis,True,2026-06-20,Derived from TRADE-002 and UMA-005,Purchase,Attorney review,TRADE-002; UMA-005; LINK-001,
ACTIVITY-001,"Blockchain, Trades",04_user_activity_normalized.csv,ACTIVITY-001_user_activity_normalized_target_market.csv,795c1ab449f9f607dbe1e4fb34a32be879294e983b631d770a1696a5c185fdae,Exact SHA-256,Derived analysis,True,2026-06-20,Polymarket user activity API / local normalization,Blockchain Activity,Attorney review,TRADE-001; ACTIVITY-002; ACTIVITY-003; RED-001,
ACTIVITY-002,"Blockchain, Trades",05_target_market_activity.csv,ACTIVITY-002_target_market_activity.csv,795c1ab449f9f607dbe1e4fb34a32be879294e983b631d770a1696a5c185fdae,Exact SHA-256,Derived analysis,True,2026-06-20,Derived from Polymarket user activity API,Blockchain Activity,Attorney review,ACTIVITY-001; TRADE-001; RED-001,
ACTIVITY-003,"Blockchain, Trades",05_future_related_market_activity_v2.csv,ACTIVITY-003_future_related_market_activity_v2.csv,26560e5e987eb39d8a0f44cfb1f193b40ad1a37ae7e457e98564cb1929ac3622,Exact SHA-256,Derived analysis,True,2026-06-20,Derived from Polymarket user activity API wallet-market queries,Blockchain Activity,Attorney review,ACTIVITY-001; ACTIVITY-002; RED-001; RED-002,
CHAIN-001,"Blockchain, Trades",04_receipt_erc1155_transfers_normalized.csv,CHAIN-001_receipt_erc1155_transfers_normalized.csv,f513b022664b7e743b62a41b5579aacb0472a35c2ee76c00df6156ffcd684f32,Exact SHA-256,Derived analysis,True,2026-06-20,Polygon transaction receipts / CTF ERC1155 logs,"Payout, Blockchain Activity, Resolution",Attorney review,TRADE-001; MARKET-005; RED-001,
RED-001,"Blockchain, Trades",07_step10_redemption_summary.txt,RED-001_step10_redemption_summary.txt,da1a4886844a2f4c728d660f3caa4385499e9d13fbcafe3040b3bb2ff52c1e0d,Exact SHA-256,Derived analysis,True,2026-06-20,Derived from Polymarket REDEEM activity and Polygon transaction receipts,"Blockchain Activity, Purchase, Resolution",Attorney review,ACTIVITY-003; RED-002; RED-003; TRACE-001,
RED-002,"Blockchain, Trades",06_wallet_redeem_summary.csv,RED-002_wallet_redeem_summary.csv,d444000e8f14ef6e72fb7ce71a1d0037c468e5c24bfc5feac58e0e8decef9bf2,Exact SHA-256,Derived analysis,True,2026-06-21,Derived from Polymarket REDEEM activity and Polygon receipts,"Blockchain Activity, Purchase, Resolution",Attorney review,RED-001; RED-003; TRACE-001,
RED-003,"Blockchain, Trades",06_wallet_redeem_summary_classified.csv,RED-003_wallet_redeem_summary_classified.csv,[paste SHA-256],Non-standard hash entry,Derived analysis,True,2026-06-21,Derived from RED-002 and cross-market YES buyer summary,"Blockchain Activity, Purchase, Resolution",Attorney review,RED-002; TRADE-002; TRACE-001,
TRACE-001,"Blockchain, Trades",00_step9b_run_summary.txt,TRACE-001_step9b_safe_transfer_trace_summary.txt,0caac49fc2d2b018adeecc698f77fe9e3d31c7d8dd270c6dcabe6dedf58c3921,Exact SHA-256,Derived analysis,True,2026-06-21,Polygon / Alchemy indexed asset transfer endpoint and redemption receipts,"Blockchain Activity, Purchase, Resolution",Attorney review,RED-003; TRACE-002; LINK-004,
TRACE-002,"Blockchain, Trades",05_step9b_incoming_nonzero_edges_for_review.csv,TRACE-002_step9b_incoming_nonzero_edges_for_review.csv,32b5086315eb88c1ae3e6725d827dcde9e11a159454b5df4d862f36cdc7d71de,Exact SHA-256,Derived analysis,True,2026-06-21,Polygon / Alchemy indexed asset transfer endpoint,"Blockchain Activity, Purchase, Resolution",Attorney review,TRACE-001; TRACE-003; RED-003,
TRACE-003,"Blockchain, Trades",step11D_token_path_outputs.zip,TRACE-003_step11D_token_path_outputs.zip,80b47fc105fb10a2f13b3fef94d3188a97857a28f77745b3c65b69648aec93dd,Exact SHA-256,Derived analysis,True,2026-06-21,Derived from Step 9B token transfer outputs and Step 10 redemption classifications,"Resolution, Payout, Dispute",Attorney review,TRACE-001; TRACE-002; RED-003; LINK-001,
LINK-001,"Blockchain, Trades",00_step11B_run_summary.txt,LINK-001_step11B_direct_transfer_screen_summary.txt,cda5afd89f09afc468ed2e8b57f359de4edd90d715df54c065352e3c9b2d28b7,Exact SHA-256,Derived analysis,True,2026-06-21,Derived from UMA address universe and Polymarket / Step 9B wallet universe using Alchemy asset transfers,"Resolution, Payout, Dispute",Attorney review,UMA-005; RED-003; TRACE-001; LINK-002,
LINK-002,"Blockchain, Trades",00_step11C_run_summary.txt,LINK-002_step11C_shared_funder_screen_summary.txt,c16d464c4e1a3007ef8996de90e1203a790d6fcf71a2af7de64b36b508109ade,Exact SHA-256,Derived analysis,True,2026-06-21,Derived from UMA address universe and priority Polymarket wallet incoming transfer data,"Resolution, Payout, Dispute",Attorney review,UMA-005; LINK-001; LINK-003,
LINK-003,"Blockchain, Trades",00_step11E_run_summary.txt,LINK-003_step11E_yes_buyer_funding_summary.txt,919b6869b4a78cfe011c8595c0a463b5b99b0df17f29f7cb874284ee612f5bf2,Exact SHA-256,Derived analysis,True,2026-06-21,"Derived from YES buyer files, UMA vote validation, and Alchemy asset transfers","Resolution, Payout, Dispute",Attorney review,TRADE-001; TRADE-002; UMA-005; LINK-001; LINK-002,
LINK-004,"Blockchain, Trades",03_direct_uma_to_yes_buyer_funding_edges.csv,LINK-004_step11E_direct_uma_to_yes_buyer_funding_edges.csv,5de8f8b0bc2c7ce77d892a186bd8955315bb5e36262aa966c6e42e09ea5072ec,Exact SHA-256,Derived analysis,True,2026-06-21,Derived from Step 11E Alchemy asset-transfer analysis,"Resolution, Payout, Dispute",Attorney review,LINK-003; TRADE-001; UMA-005,
LINK-005,"Blockchain, Trades",04_common_funder_matches.csv,LINK-005_step11E_common_funder_matches.csv,bf29b065388739b8bb0e567da594f4bd9416e76c09c264ba5ca98e364739de08,Exact SHA-256,Derived analysis,True,2026-06-21,Derived from Step 11E Alchemy asset-transfer analysis,"Resolution, Payout, Dispute",Attorney review,LINK-003; LINK-006; TRADE-001; UMA-005,
LINK-006,"Blockchain, Trades",06_priority_yes_buyer_funding_leads.csv,LINK-006_step11E_priority_yes_buyer_funding_leads.csv,85919b01aaa2246dc6508b37b4bd55830de29b40647c6b2488a0eda7eb3c8087,Exact SHA-256,Derived analysis,True,2026-06-21,Derived from Step 11E direct and common-funder analysis,"Resolution, Payout, Dispute",Attorney review,LINK-003; LINK-004; LINK-005,
IR-RAW-001,Trades,01_cluster_trades.csv,IR-RAW-001_cluster_trades.csv,e3522be962296212ec5012152be875a5a843ce26c86bbcf8eafadc34c1eaece8,Exact SHA-256,Partially Verified,True,2026-06-21,Discord raw evidence package submitted by community investigator,"Resolution, Payout, Dispute",Attorney review,IR-RAW-004; IR-RAW-006; IR-RAW-008; IR-RAW-011,
IR-RAW-002,Blockchain,02_uma_proposer_reward_txs.csv,IR-RAW-002_uma_proposer_reward_txs.csv,bd3f50cd3a3ce954066f5919d588a679899f6e68f55c2b7f2ae86585028a8a36,Exact SHA-256,Partially Verified,True,2026-06-21,Discord raw evidence package submitted by community investigator,"Resolution, Payout, Dispute",Attorney review,IR-RAW-003; IR-RAW-004; IR-RAW-007,
IR-RAW-003,Blockchain,03_decoded_proposePrice_calls.csv,IR-RAW-003_decoded_proposePrice_calls.csv,5d6342bd554157e3bbb1f7f95a29c785e3d1a09f1b8518587a551fbd5f09acfa,Exact SHA-256,Partially Verified,True,2026-06-21,Discord raw evidence package submitted by community investigator,"Resolution, Payout, Dispute",Attorney review,IR-RAW-002; IR-RAW-004; IR-RAW-007,
IR-RAW-004,Resolution,04_market_resolution_proof.json,IR-RAW-004_market_resolution_proof.json,cacf9024ced4d383d2c0701313237a5fc86bb50fbb4090550ebbacdb81a9cad6,Exact SHA-256,Partially Verified,True,2026-06-21,Discord raw evidence package submitted by community investigator,"Resolution, Payout, Dispute",Attorney review,IR-RAW-001; IR-RAW-002; IR-RAW-003; IR-RAW-011,
IR-RAW-005,Blockchain,05_shared_funder_edges.csv,IR-RAW-005_shared_funder_edges.csv,bf993cca6410e2493f702a20fee4d7793cfd3757e30df3b682372dd44320eb56,Exact SHA-256,Partially Verified,True,2026-06-21,Discord raw evidence package submitted by community investigator,"Resolution, Payout, Dispute",Attorney review,IR-RAW-006; IR-RAW-007; IR-RAW-008,
IR-RAW-006,Blockchain,06_wallet_creation_timestamps.csv,IR-RAW-006_wallet_creation_timestamps.csv,cdc456c3d28c7ae881921845f6644a2a18e054abd51d187355b4413fa770083c,Exact SHA-256,Partially Verified,True,2026-06-21,Discord raw evidence package submitted by community investigator,"Resolution, Payout, Dispute",Attorney review,IR-RAW-005; IR-RAW-008,
IR-RAW-007,Blockchain,07_contract_exclusion_list.csv,IR-RAW-007_contract_exclusion_list.csv,1f6d12df2887323d06368ddf0358cbf18ae4106c97847afbd3d45d2401fc9c18,Exact SHA-256,Partially Verified,True,2026-06-21,Discord raw evidence package submitted by community investigator,"Resolution, Payout, Dispute",Attorney review,IR-RAW-002; IR-RAW-003; IR-RAW-005,
IR-RAW-008,Blockchain,08_address_types.csv,IR-RAW-008_address_types.csv,5d3dce5689352db579ececb4dca1d4df55219e44c686e6c5b562c1ba28a64aa3,Exact SHA-256,Partially Verified,True,2026-06-21,Discord raw evidence package submitted by community investigator,"Resolution, Payout, Dispute",Attorney review,IR-RAW-001; IR-RAW-005; IR-RAW-006,
IR-RAW-009,Trades,09_cross_market_cluster_activity.csv,IR-RAW-009_cross_market_cluster_activity.csv,0fc777790a285e0372b1adb83266908cf368cbf2f7a338ded09f7a24f2e97260,Exact SHA-256,Partially Verified,True,2026-06-21,Discord raw evidence package submitted by community investigator,"Resolution, Payout, Dispute",Attorney review,IR-RAW-001; IR-RAW-010; IR-RAW-011,
IR-RAW-010,Blockchain,10_new_uma_traders_markets2_3.csv,IR-RAW-010_new_uma_traders_markets2_3.csv,08a22f4095bd57c945a834c195734b6fb60e9a46594f867a982c45cc2cff53d2,Exact SHA-256,Partially Verified,True,2026-06-21,Discord raw evidence package submitted by community investigator,"Resolution, Payout, Dispute",Attorney review,IR-RAW-005; IR-RAW-009,
IR-RAW-011,Resolution,11_resolution_comparison.json,IR-RAW-011_resolution_comparison.json,ab6b7a63c802f819a8a8b059f4dc1b9960192c15c3782b035d3d9a74852d6b09,Exact SHA-256,Partially Verified,True,2026-06-21,Discord raw evidence package submitted by community investigator,"Resolution, Payout, Dispute",Attorney review,IR-RAW-004; IR-RAW-009,
IR-RAW-012,Communication,INDEX.md,IR-RAW-012_evidence_index.md,9f7f99fd5361c868a5e805bb297d5d8e6f6090a6439219620baac8ef24edc38d,Exact SHA-256,Partially Verified,True,2026-06-21,Discord raw evidence package submitted by community investigator,"Resolution, Payout, Dispute",Attorney review,IR-RAW-001; IR-RAW-002; IR-RAW-003; IR-RAW-004; IR-RAW-005; IR-RAW-006; IR-RAW-007; IR-RAW-008; IR-RAW-009; IR-RAW-010; IR-RAW-011,
ARB-001,Resolution,ARB_exhibits folder; resolution_tx_0x4594120f7b93d7eadd56e53594f208a3fe3e7b83f715871e59742eac796e017e.json; arb_400k_buy_yes_trade_tx_0x26e1b61200dacad0e83790468fae4b1fe4de25a7526e410a87298b592e6bcceb.json; arb_known_redeem_tx_from_prior_activity_0x4c315e0cd4d9c1e42a90801fa9bf4248a69314cb93aec880d96e5f3110d80eb0.json; safe_transaction_service_details.json; safe_transaction_service_confirmations.json; 02_arb_incoming_transfers_after_resolution.csv; 03_candidate_payout_tx_hashes.csv; 99_file_hashes.csv; screenshots and notes inside ARB_exhibits,ARB_exhibits; 01_exact_resolution; 02_safe_authorization; 03_yes_position; 04_redemptions_and_payouts; 05_uma_related_markets; 07_hashes; 08_firm_summary,See 07_hashes/ARB_lawyer_packet_hashes.csv,External hash manifest reference,Verified,True,2026-06-21,Polygon blockchain records; Safe Transaction Service; Polymarket activity exports; community-submitted raw investigative package; internal verification files,"Resolution, Payout, Dispute",Claimant-Private,IR-RAW-004; IR-RAW-011; ARB-PRIMARY-001; ARB-PRIMARY-002; ARB-PRIMARY-003; ARB-PRIMARY-004; ARB-PRIMARY-005; ARB-PRIMARY-006,
LOSS-001,"Trades, Damages",polymarket_no_holder_losses_by_date.csv,LOSS-001_no_holder_losses_by_date.csv,ab80777b9148c656bc2d66360b8d24c0a6cdc337f8dc2720735d117c66e26cee,Exact SHA-256,Derived analysis,True,2026-06-21,Derived Polymarket holder loss analysis from Polymarket market holder data,"Damages, Loss Quantification, Resolution, Payout, Dispute",Attorney review,TRADE-001; TRADE-002; RED-003; ARB-001,
LOSS-002,"Trades, Damages",polymarket_no_holder_losses_wallet_details.csv,LOSS-002_no_holder_losses_wallet_details.csv,9fa3f8971dcd21fa6bd7359f638be4f5a55b77fae57bd9ed4bd6641750ec3712,Exact SHA-256,Derived analysis,True,2026-06-21,Derived Polymarket holder loss analysis from Polymarket market holder data,"Damages, Loss Quantification, Resolution, Payout, Dispute",Attorney review,LOSS-001; TRADE-001; TRADE-002; RED-003; ARB-001,
PM-RULE-001,Rules,US x Iran permanent peace deal by..._ Predictions & Odds 2026 _ Polymarket.html,PM-RULE-001_polymarket_target_market_saved_page.html,c251928fc28492b0b885d5620b8f5636071b29ace2a2381c30e1470913d7eff2,Exact SHA-256,"Preserved file, hash calculated",True,2026-06-21,Polymarket,Target market rules and final resolution,Internal,UMA-003; PM-RULE-002; PM-RES-001,
PM-RULE-002,Rules,Polymarket - Market Page - 2.png,PM-RULE-002_polymarket_target_market_rules_final_yes_desktop.png,c54f63df20fbfc594d7ed010d247168cab1126b37017ed17d56f237fa1f6858f,Exact SHA-256,"Preserved file, hash calculated",True,2026-06-21,Polymarket,Target market rules and final YES resolution,Restricted,PM-RULE-001; PM-RES-001,
PM-MKT-001,Market metadata,Polymarket - Market Page.png,PM-MKT-001_polymarket_related_market_dates_desktop.png,f4ea1981420328e43caba66d13e50c76f404b0c5fb1d3eddd53c9a4b74ee0e58,Exact SHA-256,"Preserved file, hash calculated",True,2026-06-21,Polymarket,Related market context,Restricted,PM-RULE-001; STEP7-CROSS-001,
PM-RES-001,Resolution,5B6D9D77-EB60-49D4-8EA5-22919F93ED50.jpg,PM-RES-001_polymarket_mobile_resolution_timeline_final_yes.jpg,67a86747c488bc2ac6a6a6239fd0363f1c38b265b2f4068994f7a20b578f9e79,Exact SHA-256,"Preserved file, hash calculated",True,2026-06-21,Polymarket,"Outcome proposed YES, disputes, final YES outcome",Internal,PM-RULE-001; UMA-UI-001,
PM-RULE-003,Rules,CCC8DD22-5F32-430B-AACB-D6389DE944BA.png,PM-RULE-003_polymarket_related_market_rules_mobile_dec31.png,688307833db5ef52f2a3c52f31c8d537e15de373b9721a0666321896b0b5a506,Exact SHA-256,"Preserved file, hash calculated",True,2026-06-21,Polymarket,Related market rules,Internal,PM-MKT-001; STEP7-CROSS-001,
UMA-UI-001,Blockchain,UMA - Market Results.png,UMA-UI-001_uma_market_results_vote_3622.png,db2a946f8b663b0f0a56a4825db7814d402271f68f3f0002e30e8e9f1d983b24,Exact SHA-256,"Preserved file, hash calculated",True,2026-06-21,UMA,UMA vote result and vote concentration,Public,UMA-VAL-001; UMA-WHALE-001,
UMA-UI-002,Blockchain,UMA - Market Rules.png,UMA-UI-002_uma_market_rules_vote_3622.png,2919c9b98d311f321c05c21b807cb9d23e24b38a6d8841f93f1277e054a09fea,Exact SHA-256,"Preserved file, hash calculated",True,2026-06-21,UMA,UMA market identity and ancillary data,Public,UMA-003; PM-RULE-001; UMA-VAL-001,
UMA-WHALE-001,Blockchain,Top_60_Whales.csv,UMA-WHALE-001_top_60_uma_whales_round10310.csv,c8ff8261debeb40b5b46be229325c9771b86045d7013168b0fd8d9c6f800d789,Exact SHA-256,"Preserved file, hash calculated",True,2026-06-21,UMA on-chain analysis,UMA vote concentration,Internal,UMA-VAL-001; UMA-UI-001,
UMA-VAL-001,Blockchain,uma_vote_validation.csv,UMA-VAL-001_round10310_uma_vote_validation.csv,909db6ac1df31aeb4d33e58c7afadf11eb6a5d133e8a667e315cb2a9ba3028cc,Exact SHA-256,"Preserved file, hash calculated",True,2026-06-21,UMA on-chain analysis,UMA vote validation,Internal,UMA-WHALE-001; UMA-UI-001; UMA-003,
UMA-001,Blockchain,UMA-001_UMA_Iran_VoteRecord_FULL_original.xlsx.xlsx,UMA-001_uma_iran_vote_record_full_original.xlsx,5b002cae59563feecd7bf2ef95092a822b39384d0c0afe6afb730a3528610c1b,Exact SHA-256,"Preserved file, hash calculated",True,2026-06-21,UMA on-chain analysis,UMA vote analysis,Internal,UMA-VAL-001; UMA-WHALE-001,
UMA-003,Blockchain,UMA-003_round10310_ancillary_hash_discovery.csv,UMA-003_round10310_ancillary_hash_discovery.csv,204dc8ad1f7c66093f2f4be84e283bbadd6014bb2db33c2ffad13e6bd1b1eeb5,Exact SHA-256,"Preserved file, hash calculated",True,2026-06-21,UMA on-chain analysis,Market-to-UMA linkage,Internal,UMA-UI-002; PM-RULE-001,
UMA-004,Blockchain,round10310_request_inspection.csv,UMA-004_round10310_request_inspection.csv,7fd354c5e82fbc2e2a6da7dfafe79a2d4ac6aa6774b2a9dcb7f28310745a0908,Exact SHA-256,"Preserved file, hash calculated",True,2026-06-21,UMA on-chain analysis,UMA request inspection,Internal,UMA-003; UMA-VAL-001,
RULE-NO-001,Rules,On Site / Online . Not yet downloaded,RULE-NO-001_reuters_2026-06-15_blockade_pending_completion.pdf,eb31a5ff0f02d828cf87c18796ca277b4d27d8bff46e7e8e6def977d09030955,Exact SHA-256,Pending download and hash,False,2026-06-21,Reuters,June 15 cutoff evidence,Public,PM-RULE-001; RULE-NO-002,
RULE-NO-002,Rules,On Site / Online . Not yet downloaded,RULE-NO-002_csis_2026-06-15_framework_60_day_ceasefire.pdf,3c5da3eb465ad675f6195f7788937183b41e6739f09d853138ee74ffc33c6d0e,Exact SHA-256,Pending download and hash,False,2026-06-21,CSIS,June 15 cutoff evidence,Public,RULE-NO-001; PM-RULE-001,
RULE-NO-003,Rules,On Site / Online . Not yet downloaded,RULE-NO-003_whitehouse_2026-06-17_trump_signs_mou_versailles.pdf,a4d294248c07b9e1e139b986ba9db7db94dc36bc052b2ab360729c1d4a9d4af8,Exact SHA-256,Pending download and hash,False,2026-06-21,White House,Official signing after market deadline,Public,RULE-NO-004; PM-RULE-001,
RULE-NO-004,Rules,On Site / Online . Not yet downloaded,RULE-NO-004_reuters_2026-06-17_trump_signs_mou.pdf,411d39889681372e7bb15df08e496cd0ecaa93dabf34ad4e3b8e774799387a4d,Exact SHA-256,Pending download and hash,False,2026-06-21,Reuters,Signing after market deadline,Public,RULE-NO-003; PM-RULE-001,
RULE-NO-005,Rules,On Site / Online . Not yet downloaded,RULE-NO-005_aljazeera_2026-06-14_mou_not_signed_sunday_60_day_ceasefire.pdf,af870a9022feddc44d32a66801b84846e82cc2ce1c0109b8a30170b98d52dd3e,Exact SHA-256,Pending download and hash,False,2026-06-21,Al Jazeera,Pre-deadline status and signing uncertainty,Public,RULE-NO-001; RULE-NO-002,
RULE-NO-006,Rules,On Site / Online . Not yet downloaded,RULE-NO-006_aljazeera_2026-06-17_unreleased_14_point_mou.pdf,45132269c8bdef40750548ca13222a86e79ed64f29183023046558491a53a8e6,Exact SHA-256,Pending download and hash,False,2026-06-21,Al Jazeera,Post-deadline uncertainty and MOU status,Public,RULE-NO-005; RULE-NO-007,
RULE-NO-007,Rules,On Site / Online . Not yet downloaded,RULE-NO-007_tasnim_2026-06-17_bloomberg_mou_text_inaccurate.pdf,ab50ba69ad9d3289ad1b6c6316ff16aa230da5bb14424507cc280698c93adda0,Exact SHA-256,Pending download and hash,False,2026-06-21,Tasnim News Agency,Post-deadline disputed text and Iranian-side uncertainty,Public,RULE-NO-006; PM-RULE-001,
RULE-NO-008,Rules,On Site / Online . Not yet downloaded,RULE-NO-008_lemonde_2026-06-15_framework_signed_june19_60_day_negotiations.pdf,43d63b4c6488bccdd6064b19eda483e8a2e12e41889426c51320d87746a47939,Exact SHA-256,Pending download and hash,False,2026-06-21,Le Monde,June 15 cutoff evidence,Public,RULE-NO-001; RULE-NO-002,
RULE-NO-009,Rules,On Site / Online . Not yet downloaded,RULE-NO-009_reuters_2026-06-14_framework_interim_agreement_reactions.pdf,cad5ab04ba2d23d102c95abdf224a720fd00b7b6aa3edb69e5a68be79bfc8076,Exact SHA-256,Pending download and hash,False,2026-06-21,Reuters,June 15 cutoff evidence,Public,RULE-NO-001; RULE-NO-002,
APP-001,Blockchain,Screenshot 2026-06-21 182536.png,APP-001_polyaudit_findings_list.png,a73e2005f28c69301272b59114d72e48587ce7162b6e7e6c907b52835388b5f6,Exact SHA-256,"Preserved screenshot, hash calculated; analytical claims require independent verification",True,2026-06-21,PolyAudit prototype app at https://d3ok4keidno21i.cloudfront.net/ and user-provided screenshot,Third-party app analysis of Iran-related Polymarket markets,Internal,UMA-VAL-001; UMA-WHALE-001; PM-RULE-001; STEP7-CROSS-001; STEP10-RED-001,
APP-002,Blockchain,Screenshot 2026-06-21 182545.png,APP-002_polyaudit_conflict_of_interest_findings_expanded.png,0e72e5895034db40f1ec4edbf7000fa6c90808ff5ee437eb4f15889f96735e9b,Exact SHA-256,"Preserved screenshot, hash calculated; analytical claims require independent verification",True,2026-06-21,PolyAudit prototype app at https://d3ok4keidno21i.cloudfront.net/ and user-provided screenshot,Third-party app analysis of Iran-related Polymarket markets,Internal,UMA-VAL-001; UMA-WHALE-001; PM-RULE-001; STEP7-CROSS-001; STEP10-RED-001,
APP-003,Blockchain,Screenshot 2026-06-21 182611.png,APP-003_polyaudit_trader_funder_graph_iran_markets.png,4d1836645a17cb5940bdc07eb85c7365d1f5f68d3c8c841957d815d16fcea484,Exact SHA-256,"Preserved screenshot, hash calculated; analytical claims require independent verification",True,2026-06-21,PolyAudit prototype app at https://d3ok4keidno21i.cloudfront.net/ and user-provided screenshot,Third-party app analysis of Iran-related Polymarket markets,Internal,UMA-VAL-001; UMA-WHALE-001; PM-RULE-001; STEP7-CROSS-001; STEP10-RED-001,
APP-004,Communication,User-submitted app description and URL,APP-004_polyaudit_prototype_app_source_note.txt,c6e2c381cb7de6b06e3dec45f418ae22fa03ddcae87f70ea086f232fceaeb666,Exact SHA-256,"Source note preserved, hash calculated; app findings require independent verification",True,2026-06-21,User-submitted text and app URL https://d3ok4keidno21i.cloudfront.net/,Prototype integrity analyzer submission,Internal,APP-001; APP-002; APP-003,
APP-005,Blockchain,data.json,APP-005_polyaudit_raw_data_us_iran_markets.json,6957ea22f10c913cc8fa0f4e77303f52d71e140f7fdedb28857417918c10d692,Exact SHA-256,"Preserved raw app export, hash calculated. App labels must be independently verified against Polymarket raw trades, Polygon transaction receipts, and UMA records before being treated as conclusive.",Yes,2026-06-21,PolyAudit prototype app raw JSON export; source URL https://d3ok4keidno21i.cloudfront.net/,Raw app data for Iran-related Polymarket market group and target June 15 resolution conflict finding,Internal,APP-001; APP-002; APP-003; APP-004; APP-006; APP-007; PM-RULE-001; UMA-VAL-001; UMA-003; STEP7-CROSS-001; STEP10-RED-001,
APP-006,Blockchain,report.html,APP-006_polyaudit_report_us_iran_markets.html,9d68191b4671cfea2dbbf82e7f178fc0aa0c06c92372e3c3a56c99ed693175c5,Exact SHA-256,"Preserved report, hash calculated. Report statements are derived analytical claims and require verification against raw data and on-chain records.",Yes,2026-06-21,PolyAudit prototype app HTML report; source URL https://d3ok4keidno21i.cloudfront.net/,PolyAudit report and findings summary for Iran-related Polymarket markets,Internal,APP-001; APP-002; APP-003; APP-005; APP-007; PM-RULE-001; UMA-VAL-001; STEP7-CROSS-001,
APP-007,Blockchain,ec16b86d-fc3f-4a89-81dd-be613f13a87c.png,APP-007_polyaudit_target_conflict_expanded_screenshot.png,c5b812a534bdc010e477a18699a59ab12162d1af704d1e1f7e3acd54ac8ea20d,Exact SHA-256,"Preserved screenshot, hash calculated. Screenshot reflects the app output only and must be tied to raw JSON, report, Polygonscan receipt, and market trade data.",Yes,2026-06-21,PolyAudit prototype app screenshot; source URL https://d3ok4keidno21i.cloudfront.net/,Target-market resolver conflict lead,Internal,APP-002; APP-005; APP-006; PM-RULE-001; UMA-VAL-001,
APP-CONFLICT-001,Blockchain,data.json; report.html; ec16b86d-fc3f-4a89-81dd-be613f13a87c.png,APP-005_polyaudit_raw_data_us_iran_markets.json; APP-006_polyaudit_report_us_iran_markets.html; APP-007_polyaudit_target_conflict_expanded_screenshot.png,6957ea22f10c913cc8fa0f4e77303f52d71e140f7fdedb28857417918c10d692 / 9d68191b4671cfea2dbbf82e7f178fc0aa0c06c92372e3c3a56c99ed693175c5 / c5b812a534bdc010e477a18699a59ab12162d1af704d1e1f7e3acd54ac8ea20d,Multiple SHA-256 values in one row,"Analytical lead. Needs independent verification against Polygon transaction receipt, Polymarket position/trade records, CTF token IDs, and the exact target-market conditionId.",Yes,2026-06-21,"PolyAudit prototype app raw JSON, HTML report, screenshot, and linked Polygonscan transaction",June 15 target market final YES resolution and resolver conflict lead,Internal,APP-005; APP-006; APP-007; PM-RULE-001; PM-JSON-001; UMA-VAL-001; POLY-RAW-REDEEM-001,
EVC-001,Discord Exports,POLYMARKET UMA scam - 🔍 ┃ EVIDENCE & RESEARCH - 📂┃evidences [1517091731236192418].json,Discord Exports/EVC-001_evidence_channel_export.html,1b2d4118b8c4ca8c408a5bc3746bab3d51b49e09824102ad43f121762f7ef523,Exact SHA-256,"Preserved file, hash calculated",True,unknown,Discord evidence channel export / organized evidence-channel asset package,unknown,Internal,EVC-001,Added from evidence_channel_organized_hash_manifest.csv. Category inferred from organized folder path; hash copied unchanged from source manifest.
EVC-002,News and Goverment Sources,image-c32eff51cca1851e.png,News and Goverment Sources/EVC-002_01_image-c32eff51cca1851e.png,caedfca73fbb749e8aff6942b1add526dcf50e7253b8349e63de58378ba0655e,Exact SHA-256,"Preserved file, hash calculated",True,unknown,Discord evidence channel export / organized evidence-channel asset package,unknown,Internal,EVC-002,Added from evidence_channel_organized_hash_manifest.csv. Category inferred from organized folder path; hash copied unchanged from source manifest.
EVC-003,Market Rules,0D1231DD-F7F6-4549-AC4D-E4F50B0CBED2-4fba38ca36279654.png,Market Rules/EVC-003_01_0D1231DD-F7F6-4549-AC4D-E4F50B0CBED2-4fba38ca36279654.png,1db63337e749e0f0c9749a04c9a46aa90775c74188b823605a89680e080e58e8,Exact SHA-256,"Preserved file, hash calculated",True,unknown,Discord evidence channel export / organized evidence-channel asset package,unknown,Internal,EVC-003,Added from evidence_channel_organized_hash_manifest.csv. Category inferred from organized folder path; hash copied unchanged from source manifest.
EVC-003,Market Rules,Screenshot_2026-06-18-12-58-45-16_f052540a-61d5f47e849f384e.jpg,Market Rules/EVC-003_02_Screenshot_2026-06-18-12-58-45-16_f052540a-61d5f47e849f384e.jpg,fc6c72a6f32ac09e830080ab03614e30082dcb3ac8f5813f2ff96cfa29da00fe,Exact SHA-256,"Preserved file, hash calculated",True,unknown,Discord evidence channel export / organized evidence-channel asset package,unknown,Internal,EVC-003,Added from evidence_channel_organized_hash_manifest.csv. Category inferred from organized folder path; hash copied unchanged from source manifest.
EVC-004,News and Goverment Sources,image-eacb0676c2672ae6.png,News and Goverment Sources/EVC-004_01_image-eacb0676c2672ae6.png,ad6779abda2a1213f476f176a27f23c922a0295c8d37a366a23a4cbeeb0d4fbd,Exact SHA-256,"Preserved file, hash calculated",True,unknown,Discord evidence channel export / organized evidence-channel asset package,unknown,Internal,EVC-004,Added from evidence_channel_organized_hash_manifest.csv. Category inferred from organized folder path; hash copied unchanged from source manifest.
EVC-004,News and Goverment Sources,image-7cada7c433778219.png,News and Goverment Sources/EVC-004_03_image-7cada7c433778219.png,c27a7dee8a0e716e3a1676bee8c6588309f155ad03d3d6b2f540a7d94c6d89f7,Exact SHA-256,"Preserved file, hash calculated",True,unknown,Discord evidence channel export / organized evidence-channel asset package,unknown,Internal,EVC-004,Added from evidence_channel_organized_hash_manifest.csv. Category inferred from organized folder path; hash copied unchanged from source manifest.
EVC-004,News and Goverment Sources,image-6529976488f15551.png,News and Goverment Sources/EVC-004_04_image-6529976488f15551.png,fee9ccbb0d44126680706b476b806c41eb85b3e10f253d060db345bd7c7e4260,Exact SHA-256,"Preserved file, hash calculated",True,unknown,Discord evidence channel export / organized evidence-channel asset package,unknown,Internal,EVC-004,Added from evidence_channel_organized_hash_manifest.csv. Category inferred from organized folder path; hash copied unchanged from source manifest.
EVC-004,News and Goverment Sources,image-495bdba35fd6ddc9.png,News and Goverment Sources/EVC-004_05_image-495bdba35fd6ddc9.png,083f1c9a17768abb41ad5b158ed7bba2f05976bc4c6e410db6af77dd7939bc39,Exact SHA-256,"Preserved file, hash calculated",True,unknown,Discord evidence channel export / organized evidence-channel asset package,unknown,Internal,EVC-004,Added from evidence_channel_organized_hash_manifest.csv. Category inferred from organized folder path; hash copied unchanged from source manifest.
EVC-005,News and Goverment Sources,IMG_2121-7b6e3c30fde93c7c.png,News and Goverment Sources/EVC-005_01_IMG_2121-7b6e3c30fde93c7c.png,c16a07bcd88dbd92f1851559856548fa7b5798eab7d126f1a3335db3a0729bc0,Exact SHA-256,"Preserved file, hash calculated",True,unknown,Discord evidence channel export / organized evidence-channel asset package,unknown,Internal,EVC-005,Added from evidence_channel_organized_hash_manifest.csv. Category inferred from organized folder path; hash copied unchanged from source manifest.
EVC-005,News and Goverment Sources,IMG_2122-8e3e775c9143519c.png,News and Goverment Sources/EVC-005_02_IMG_2122-8e3e775c9143519c.png,2f06262ec2ff11a5fe0834c66a8b929b4540bf89c0817e204046e95655bee8b2,Exact SHA-256,"Preserved file, hash calculated",True,unknown,Discord evidence channel export / organized evidence-channel asset package,unknown,Internal,EVC-005,Added from evidence_channel_organized_hash_manifest.csv. Category inferred from organized folder path; hash copied unchanged from source manifest.
EVC-005,News and Goverment Sources,IMG_2123-ff4e4bcfd71229ac.png,News and Goverment Sources/EVC-005_03_IMG_2123-ff4e4bcfd71229ac.png,199579dd1678b7a0884bf39c171fbb213f907b284289d56060a66113c30ef76d,Exact SHA-256,"Preserved file, hash calculated",True,unknown,Discord evidence channel export / organized evidence-channel asset package,unknown,Internal,EVC-005,Added from evidence_channel_organized_hash_manifest.csv. Category inferred from organized folder path; hash copied unchanged from source manifest.
EVC-005,News and Goverment Sources,IMG_3526-7bd2193fb2ae45ba.jpg,News and Goverment Sources/EVC-005_04_IMG_3526-7bd2193fb2ae45ba.jpg,111a620c0fec3d1751942cd827d3d72e551895aadbb7341a91ba44a307ac777e,Exact SHA-256,"Preserved file, hash calculated",True,unknown,Discord evidence channel export / organized evidence-channel asset package,unknown,Internal,EVC-005,Added from evidence_channel_organized_hash_manifest.csv. Category inferred from organized folder path; hash copied unchanged from source manifest.
EVC-005,News and Goverment Sources,IMG_3524-8eaf21a3cadadac4.jpg,News and Goverment Sources/EVC-005_05_IMG_3524-8eaf21a3cadadac4.jpg,aa5632a5f9747694b59bf0b64c182c263931c74229ecac1b1c7678802273dc6a,Exact SHA-256,"Preserved file, hash calculated",True,unknown,Discord evidence channel export / organized evidence-channel asset package,unknown,Internal,EVC-005,Added from evidence_channel_organized_hash_manifest.csv. Category inferred from organized folder path; hash copied unchanged from source manifest.
EVC-005,News and Goverment Sources,IMG_3482-ca26986df53d8d39.png,News and Goverment Sources/EVC-005_06_IMG_3482-ca26986df53d8d39.png,4bcf4bb926396f33fac2d2895ea874f6a95ace5bda589d61225a804bea3ac1bc,Exact SHA-256,"Preserved file, hash calculated",True,unknown,Discord evidence channel export / organized evidence-channel asset package,unknown,Internal,EVC-005,Added from evidence_channel_organized_hash_manifest.csv. Category inferred from organized folder path; hash copied unchanged from source manifest.
EVC-005,News and Goverment Sources,message-22503970b78b530b.txt,News and Goverment Sources/EVC-005_07_message-22503970b78b530b.txt,6c48c497691c2b52c6190c301a8fcabb226712ede36cde59429f1cbab17b0264,Exact SHA-256,"Preserved file, hash calculated",True,unknown,Discord evidence channel export / organized evidence-channel asset package,unknown,Internal,EVC-005,Added from evidence_channel_organized_hash_manifest.csv. Category inferred from organized folder path; hash copied unchanged from source manifest.
EVC-005,News and Goverment Sources,mou1-167abfbe90bd160c.jpeg,News and Goverment Sources/EVC-005_08_mou1-167abfbe90bd160c.jpeg,ff2becf49c03010d65c1182ee53e1eae03da02dbf7fec1983320a86a5a220bcf,Exact SHA-256,"Preserved file, hash calculated",True,unknown,Discord evidence channel export / organized evidence-channel asset package,unknown,Internal,EVC-005,Added from evidence_channel_organized_hash_manifest.csv. Category inferred from organized folder path; hash copied unchanged from source manifest.
EVC-005,News and Goverment Sources,mou2-e527094ff149f3f5.jpeg,News and Goverment Sources/EVC-005_09_mou2-e527094ff149f3f5.jpeg,bc7deece6d967cef0faf8954fc2c018451555324957f36497bd7dd16de4df5f2,Exact SHA-256,"Preserved file, hash calculated",True,unknown,Discord evidence channel export / organized evidence-channel asset package,unknown,Internal,EVC-005,Added from evidence_channel_organized_hash_manifest.csv. Category inferred from organized folder path; hash copied unchanged from source manifest.
EVC-005,News and Goverment Sources,mou3-7555921bb73506bc.jpeg,News and Goverment Sources/EVC-005_10_mou3-7555921bb73506bc.jpeg,6c16a9053b3b2f529ca291606f98421cc0d25ca08cf76c77c54d86de82cb7e30,Exact SHA-256,"Preserved file, hash calculated",True,unknown,Discord evidence channel export / organized evidence-channel asset package,unknown,Internal,EVC-005,Added from evidence_channel_organized_hash_manifest.csv. Category inferred from organized folder path; hash copied unchanged from source manifest.
EVC-005,News and Goverment Sources,2067562439948808366-6aa4b4500bb7b7b2,News and Goverment Sources/EVC-005_11_2067562439948808366-6aa4b4500bb7b7b2.png,6fbff0e9d84068bf5160c272d5457bac4d60c8d7bc0426e8a2182515f819afc0,Exact SHA-256,"Preserved file, hash calculated",True,unknown,Discord evidence channel export / organized evidence-channel asset package,unknown,Internal,EVC-005,Added from evidence_channel_organized_hash_manifest.csv. Category inferred from organized folder path; hash copied unchanged from source manifest.
EVC-006,UMA disputers coordination,image-dbd98beb30ddb682.png,UMA disputers coordination/EVC-006_01_image-dbd98beb30ddb682.png,b4df64c790601905a6345e242b127f406107c12a871d23d131274f63c978587c,Exact SHA-256,"Preserved file, hash calculated",True,unknown,Discord evidence channel export / organized evidence-channel asset package,unknown,Internal,EVC-006,Added from evidence_channel_organized_hash_manifest.csv. Category inferred from organized folder path; hash copied unchanged from source manifest.
EVC-006,UMA disputers coordination,image-82d4deb7c2c182c4.png,UMA disputers coordination/EVC-006_02_image-82d4deb7c2c182c4.png,bb93da049f1b30c24c77ca682de8f8b5b1cf42e07425769972020d5cc7dae6f3,Exact SHA-256,"Preserved file, hash calculated",True,unknown,Discord evidence channel export / organized evidence-channel asset package,unknown,Internal,EVC-006,Added from evidence_channel_organized_hash_manifest.csv. Category inferred from organized folder path; hash copied unchanged from source manifest.
EVC-006,UMA disputers coordination,Benni_UMA_Discord_owner_appearance-23df4b07753333f9.rar,UMA disputers coordination/EVC-006_03_Benni_UMA_Discord_owner_appearance-23df4b07753333f9.rar,a51d42a76c0febc73d6878426285c867bf4b6ee7297b4f178feca6c656924548,Exact SHA-256,"Preserved file, hash calculated",True,unknown,Discord evidence channel export / organized evidence-channel asset package,unknown,Internal,EVC-006,Added from evidence_channel_organized_hash_manifest.csv. Category inferred from organized folder path; hash copied unchanged from source manifest.
EVC-007,Trade History,image-cc785c9e02ccf7d9.png,Trade History/EVC-007_01_image-cc785c9e02ccf7d9.png,9c648fad6d1ac4c314633089b609b3264641ffa2967345341c61aa7b4a4a62b8,Exact SHA-256,"Preserved file, hash calculated",True,unknown,Discord evidence channel export / organized evidence-channel asset package,unknown,Internal,EVC-007,Added from evidence_channel_organized_hash_manifest.csv. Category inferred from organized folder path; hash copied unchanged from source manifest.
EVC-007,Trade History,image-4cae564b791be8ab.png,Trade History/EVC-007_02_image-4cae564b791be8ab.png,ae2129fb6e5ba4d0be76b9c9b47f70e0add5b50dedffd525ab2afe2b9fb65396,Exact SHA-256,"Preserved file, hash calculated",True,unknown,Discord evidence channel export / organized evidence-channel asset package,unknown,Internal,EVC-007,Added from evidence_channel_organized_hash_manifest.csv. Category inferred from organized folder path; hash copied unchanged from source manifest.
EVC-007,Trade History,image-ac0b79efd1165b13.png,Trade History/EVC-007_03_image-ac0b79efd1165b13.png,b4324dbc50f90ecb8f7082b1bfaf230e9401e964b0e5daba86f613207a9acb5c,Exact SHA-256,"Preserved file, hash calculated",True,unknown,Discord evidence channel export / organized evidence-channel asset package,unknown,Internal,EVC-007,Added from evidence_channel_organized_hash_manifest.csv. Category inferred from organized folder path; hash copied unchanged from source manifest.
EVC-007,Trade History,image-525ba283d6165a2f.png,Trade History/EVC-007_04_image-525ba283d6165a2f.png,6237bb55f8c1d4bb01b2ccf0366c1c0c8e9da417ca1f0922f1265c3047bebeaf,Exact SHA-256,"Preserved file, hash calculated",True,unknown,Discord evidence channel export / organized evidence-channel asset package,unknown,Internal,EVC-007,Added from evidence_channel_organized_hash_manifest.csv. Category inferred from organized folder path; hash copied unchanged from source manifest.
EVC-007,Trade History,image-8bbc2d9eb6d0993a.png,Trade History/EVC-007_05_image-8bbc2d9eb6d0993a.png,5b425bdfa9c0a152d5eb87c95f4134f3f8ff96eb5a05ec7ccfa965f068dcd65c,Exact SHA-256,"Preserved file, hash calculated",True,unknown,Discord evidence channel export / organized evidence-channel asset package,unknown,Internal,EVC-007,Added from evidence_channel_organized_hash_manifest.csv. Category inferred from organized folder path; hash copied unchanged from source manifest.
EVC-008,Insider Trading News,image0-4386278a36442e8c.jpg,Insider Trading News/EVC-008_01_image0-4386278a36442e8c.jpg,a1fd99535021db96b6c0b93cb1b5d2219d721c789cc9f54f506a094bf2dd757d,Exact SHA-256,"Preserved file, hash calculated",True,unknown,Discord evidence channel export / organized evidence-channel asset package,unknown,Internal,EVC-008,Added from evidence_channel_organized_hash_manifest.csv. Category inferred from organized folder path; hash copied unchanged from source manifest.
EVC-008,Insider Trading News,image0-02e670cd80f5b8e5.jpg,Insider Trading News/EVC-008_02_image0-02e670cd80f5b8e5.jpg,805c27c9bbc2ecadf5e1583240702c047a6cc12673270c3a2a3936fb494470b2,Exact SHA-256,"Preserved file, hash calculated",True,unknown,Discord evidence channel export / organized evidence-channel asset package,unknown,Internal,EVC-008,Added from evidence_channel_organized_hash_manifest.csv. Category inferred from organized folder path; hash copied unchanged from source manifest.
EVC-008,Insider Trading News,image0-7e9659a1d5c8a64c.jpg,Insider Trading News/EVC-008_03_image0-7e9659a1d5c8a64c.jpg,1fb749e19f7f94499270fdf6dd40b0aba29d41429a9317ebc916b63eb05b0bbb,Exact SHA-256,"Preserved file, hash calculated",True,unknown,Discord evidence channel export / organized evidence-channel asset package,unknown,Internal,EVC-008,Added from evidence_channel_organized_hash_manifest.csv. Category inferred from organized folder path; hash copied unchanged from source manifest.
EVC-008,Insider Trading News,image0-fd1b4d7f9a804c38.jpg,Insider Trading News/EVC-008_04_image0-fd1b4d7f9a804c38.jpg,c5147761cd9f822cc4de00abdb0c6dfd610e4b0f8e6803b14c763360c1bde81a,Exact SHA-256,"Preserved file, hash calculated",True,unknown,Discord evidence channel export / organized evidence-channel asset package,unknown,Internal,EVC-008,Added from evidence_channel_organized_hash_manifest.csv. Category inferred from organized folder path; hash copied unchanged from source manifest.
EVC-008,Insider Trading News,2C5867BF-F37B-4CE6-B39C-3CBF2B7B0B56-9625bd9d737af218.jpg,Insider Trading News/EVC-008_05_2C5867BF-F37B-4CE6-B39C-3CBF2B7B0B56-9625bd9d737af218.jpg,0441e520a184eb78c5a1059eeda6aa1b07fd1014c22222a0b669ce3e23f49c25,Exact SHA-256,"Preserved file, hash calculated",True,unknown,Discord evidence channel export / organized evidence-channel asset package,unknown,Internal,EVC-008,Added from evidence_channel_organized_hash_manifest.csv. Category inferred from organized folder path; hash copied unchanged from source manifest.
EVC-008,Insider Trading News,IMG_3478-fbb828b1cb7d3aeb.png,Insider Trading News/EVC-008_06_IMG_3478-fbb828b1cb7d3aeb.png,2b36930283c6c5d671b2b41d030c37274af938bc69b91780b3fc0d8c6cdd99c7,Exact SHA-256,"Preserved file, hash calculated",True,unknown,Discord evidence channel export / organized evidence-channel asset package,unknown,Internal,EVC-008,Added from evidence_channel_organized_hash_manifest.csv. Category inferred from organized folder path; hash copied unchanged from source manifest.
EVC-008,Insider Trading News,IMG_3477-6148232d1b947e41.png,Insider Trading News/EVC-008_07_IMG_3477-6148232d1b947e41.png,04704d631da9162893eab371afebd18b38af0d5c46ff0cb90f6ce8d00a401663,Exact SHA-256,"Preserved file, hash calculated",True,unknown,Discord evidence channel export / organized evidence-channel asset package,unknown,Internal,EVC-008,Added from evidence_channel_organized_hash_manifest.csv. Category inferred from organized folder path; hash copied unchanged from source manifest.
EVC-008,Insider Trading News,IMG_3476-c2d7895961d089ab.png,Insider Trading News/EVC-008_08_IMG_3476-c2d7895961d089ab.png,80bddbcd3ebda2d9d1cf7179afe128f5d0f4d182b8d31c7c235768fc390921e5,Exact SHA-256,"Preserved file, hash calculated",True,unknown,Discord evidence channel export / organized evidence-channel asset package,unknown,Internal,EVC-008,Added from evidence_channel_organized_hash_manifest.csv. Category inferred from organized folder path; hash copied unchanged from source manifest.
EVC-008,Insider Trading News,image-0d369a9e50bf8c0e.png,Insider Trading News/EVC-008_09_image-0d369a9e50bf8c0e.png,01b86508d5065ab530d823f8142a9bc0886a5078bced7f3fd60e6e620ec1e356,Exact SHA-256,"Preserved file, hash calculated",True,unknown,Discord evidence channel export / organized evidence-channel asset package,unknown,Internal,EVC-008,Added from evidence_channel_organized_hash_manifest.csv. Category inferred from organized folder path; hash copied unchanged from source manifest.
EVC-009,Insider Trading News,HLLTrB8aAAAyh5A-e39071187a5290cc.jpg_large,Insider Trading News/EVC-009_01_HLLTrB8aAAAyh5A-e39071187a5290cc.jpg_large,569a1ee12f646660f4952ce33ba39ec84c2fe3398bb480346d18536e2efd1340,Exact SHA-256,"Preserved file, hash calculated",True,unknown,Discord evidence channel export / organized evidence-channel asset package,unknown,Internal,EVC-009,Added from evidence_channel_organized_hash_manifest.csv. Category inferred from organized folder path; hash copied unchanged from source manifest.
EVC-009,Insider Trading News,HLKxQ77bcAAjuw5-c34c369fe55830ee.jpg_large,Insider Trading News/EVC-009_02_HLKxQ77bcAAjuw5-c34c369fe55830ee.jpg_large,d68e69254b0e713e2c5989e95c81acf4dd71583379154e45fd680802223b6a94,Exact SHA-256,"Preserved file, hash calculated",True,unknown,Discord evidence channel export / organized evidence-channel asset package,unknown,Internal,EVC-009,Added from evidence_channel_organized_hash_manifest.csv. Category inferred from organized folder path; hash copied unchanged from source manifest.
EVC-010,Polymarket Statements,Polymarket_-_US-Iran_peace_deal_-_objectio-0db6194abd29ad43.docx,Polymarket Statements/EVC-010_01_Polymarket_-_US-Iran_peace_deal_-_objectio-0db6194abd29ad43.docx,e22612dfe3f1c149266e710acbe9dd9a803a256bbf310dc294e5323000569772,Exact SHA-256,"Preserved file, hash calculated",True,unknown,Discord evidence channel export / organized evidence-channel asset package,unknown,Internal,EVC-010,Added from evidence_channel_organized_hash_manifest.csv. Category inferred from organized folder path; hash copied unchanged from source manifest.
EVC-011,Insider Trading News,Investigation_Report-3857a64b9ca49b13.md,Insider Trading News/EVC-011_01_Investigation_Report-3857a64b9ca49b13.md,e413e64778b0704b858799835ec777fb25a386f227836b7bebd750d82b19ab09,Exact SHA-256,"Preserved file, hash calculated",True,unknown,Discord evidence channel export / organized evidence-channel asset package,unknown,Internal,EVC-011,Added from evidence_channel_organized_hash_manifest.csv. Category inferred from organized folder path; hash copied unchanged from source manifest.
EVC-012,UMA disputers coordination,uma_perma_peace_deal_june_15_thread-5be3016ed216414a.txt,UMA disputers coordination/EVC-012_01_uma_perma_peace_deal_june_15_thread-5be3016ed216414a.txt,280022674e5702b8a9a1d37fc40002b939d16d61f76a8d54102b7123efb60dd4,Exact SHA-256,"Preserved file, hash calculated",True,unknown,Discord evidence channel export / organized evidence-channel asset package,unknown,Internal,EVC-012,Added from evidence_channel_organized_hash_manifest.csv. Category inferred from organized folder path; hash copied unchanged from source manifest.
EVC-012,UMA disputers coordination,screencapture-oracle-uma-xyz-2026-06-16-12-a15f15c07ed09435.png,UMA disputers coordination/EVC-012_02_screencapture-oracle-uma-xyz-2026-06-16-12-a15f15c07ed09435.png,f78d9d44025862b302263f478b6248da9dcdc5d86d71480a13d7cfb794697710,Exact SHA-256,"Preserved file, hash calculated",True,unknown,Discord evidence channel export / organized evidence-channel asset package,unknown,Internal,EVC-012,Added from evidence_channel_organized_hash_manifest.csv. Category inferred from organized folder path; hash copied unchanged from source manifest.
EVC-013,Trade History,image-7ce372636fe41498.png,Trade History/EVC-013_01_image-7ce372636fe41498.png,e034687fc156f96f24e174185347ec47fa827916e2b776ca265b354dd1b3cbc2,Exact SHA-256,"Preserved file, hash calculated",True,unknown,Discord evidence channel export / organized evidence-channel asset package,unknown,Internal,EVC-013,Added from evidence_channel_organized_hash_manifest.csv. Category inferred from organized folder path; hash copied unchanged from source manifest.
EVC-013,Trade History,image-54b8727d0b2fb06e.png,Trade History/EVC-013_02_image-54b8727d0b2fb06e.png,db758c71efaa1f30312af4c31428fbe01b9bebee3a932b745a2eb2eb16c3dd57,Exact SHA-256,"Preserved file, hash calculated",True,unknown,Discord evidence channel export / organized evidence-channel asset package,unknown,Internal,EVC-013,Added from evidence_channel_organized_hash_manifest.csv. Category inferred from organized folder path; hash copied unchanged from source manifest.
EVC-013,Trade History,image-ff15991947d38402.png,Trade History/EVC-013_03_image-ff15991947d38402.png,2c30d037c56d7075861acf3407d2a9e622deabc4bd366bfa8a63c54e66d59cce,Exact SHA-256,"Preserved file, hash calculated",True,unknown,Discord evidence channel export / organized evidence-channel asset package,unknown,Internal,EVC-013,Added from evidence_channel_organized_hash_manifest.csv. Category inferred from organized folder path; hash copied unchanged from source manifest.
EVC-013,Trade History,image-82bea94596e90bc1.png,Trade History/EVC-013_04_image-82bea94596e90bc1.png,7820750c755dc2ff4a5811f1e9b63b89e2b9a1c4a0db794a62c54327ef8498fc,Exact SHA-256,"Preserved file, hash calculated",True,unknown,Discord evidence channel export / organized evidence-channel asset package,unknown,Internal,EVC-013,Added from evidence_channel_organized_hash_manifest.csv. Category inferred from organized folder path; hash copied unchanged from source manifest.
EVC-013,Trade History,image-91ea74ac2cab894a.png,Trade History/EVC-013_05_image-91ea74ac2cab894a.png,ed19aa7251458f6d3824b38b426f57ce79ce1949b26230c9847da849aec1d693,Exact SHA-256,"Preserved file, hash calculated",True,unknown,Discord evidence channel export / organized evidence-channel asset package,unknown,Internal,EVC-013,Added from evidence_channel_organized_hash_manifest.csv. Category inferred from organized folder path; hash copied unchanged from source manifest.
EVC-014,Market Page,Screenshot_2026-06-21_at_14.48.41-664896eae72a7bf8.png,Market Page/EVC-014_01_Screenshot_2026-06-21_at_14.48.41-664896eae72a7bf8.png,e276f80a96323c96db0c49693ba27d6139501944f2e828b5cf5ee3d2a6963f39,Exact SHA-256,"Preserved file, hash calculated",True,unknown,Discord evidence channel export / organized evidence-channel asset package,unknown,Internal,EVC-014,Added from evidence_channel_organized_hash_manifest.csv. Category inferred from organized folder path; hash copied unchanged from source manifest.
EVC-015,Insider Trading News,2070179486335983686-42adcacf23bb83f3,Insider Trading News/EVC-015_01_2070179486335983686-42adcacf23bb83f3.png,f91f3c766d2689c2287384f996e4bbbca3598909048cb3ddc1327b70e19c3df0,Exact SHA-256,"Preserved file, hash calculated",True,unknown,Discord evidence channel export / organized evidence-channel asset package,unknown,Internal,EVC-015,Added from evidence_channel_organized_hash_manifest.csv. Category inferred from organized folder path; hash copied unchanged from source manifest.
EVC-015,Insider Trading News,2069501943551086870-c38b5c77f46b0fe9,Insider Trading News/EVC-015_02_2069501943551086870-c38b5c77f46b0fe9.png,bd17e350de2a43d8a02d09b0e7385a06c4afdbe7cee1a7a67c134cc86b294833,Exact SHA-256,"Preserved file, hash calculated",True,unknown,Discord evidence channel export / organized evidence-channel asset package,unknown,Internal,EVC-015,Added from evidence_channel_organized_hash_manifest.csv. Category inferred from organized folder path; hash copied unchanged from source manifest.
EVC-015,Insider Trading News,gettyimages-2283273999-7d0ad2ab680d884c.jpg,Insider Trading News/EVC-015_03_gettyimages-2283273999-7d0ad2ab680d884c.jpg,2f38f92e6d37d07613f7a49241f07111cb9ebc0fcaa7d81ca1d4da973a682d56,Exact SHA-256,"Preserved file, hash calculated",True,unknown,Discord evidence channel export / organized evidence-channel asset package,unknown,Internal,EVC-015,Added from evidence_channel_organized_hash_manifest.csv. Category inferred from organized folder path; hash copied unchanged from source manifest.
EVC-015,Insider Trading News,2070556848311222575-895321ab2d7ab9b5,Insider Trading News/EVC-015_04_2070556848311222575-895321ab2d7ab9b5.png,0a97de83bf4d52279e8b261a8a4aca95fd82e9c065a4b823188fa397eb2e704f,Exact SHA-256,"Preserved file, hash calculated",True,unknown,Discord evidence channel export / organized evidence-channel asset package,unknown,Internal,EVC-015,Added from evidence_channel_organized_hash_manifest.csv. Category inferred from organized folder path; hash copied unchanged from source manifest.
EVC-015,Insider Trading News,2069436413599465776-b6a5066f2de44b2d,Insider Trading News/EVC-015_05_2069436413599465776-b6a5066f2de44b2d.png,9a910d009cdda648120e245b4f654a530ec11428d36941d0fcf369f5d5683223,Exact SHA-256,"Preserved file, hash calculated",True,unknown,Discord evidence channel export / organized evidence-channel asset package,unknown,Internal,EVC-015,Added from evidence_channel_organized_hash_manifest.csv. Category inferred from organized folder path; hash copied unchanged from source manifest.
